timestamp,question,answer
2025-03-18 10:02:59,What are the symptoms of Amblyopia?,"The symptoms of amblyopia include:
- Eyes that turn in or out
- Eyes that do not appear to work together
- Inability to judge depth correctly
- Poor vision in one eye"
2025-03-18 10:06:07,What are the symptoms of warts?,"Most warts are raised and have a rough surface. They may be round or oval. The spot where the wart is may be lighter or darker than your skin. In rare cases, warts are black. Some warts have smooth or flat surfaces. Some warts may cause pain. Different types of warts include:

- **Common warts** often appear on the hands, but they can grow anywhere.
- **Flat warts** are generally found on the face and forehead. They are common in children.
- **Genital warts** usually appear on the genitals, in the pubic area, and in the space between the thighs.
- **Plantar warts** are found on the soles of the feet and can be very painful.
- **Subungual and periungual warts** appear under and around the fingernails or toenails.
- **Mucosal papillomas** occur on mucous membranes, mostly in the mouth or vagina, and are white."
2025-03-18 15:00:07,what are the symptoms of pneumonia ?,"Based on the provided context, the symptoms of pneumonia can include:

- Chest pain
- Coughing up foul-smelling, greenish or dark phlegm (sputum), or phlegm that contains pus or blood
- Fatigue
- Fever
- Shortness of breath
- Wheezing
- Breath odor
- Excessive sweating
- Problems swallowing
- Confusion
- Seeing food or tube feed material (if being fed artificially) in your sputum

In children, symptoms may also include:

- Stuffed up or runny nose, headaches
- Loud cough
- Rapid breathing, with flared nostrils and straining of the muscles between the ribs
- Wheezing
- Sharp or stabbing chest pain that gets worse when breathing deeply or coughing
- Low energy and malaise (not feeling well)
- Vomiting or loss of appetite

For more severe infections in children:

- Blue lips and fingernails due to too little oxygen in the blood
- Confusion or very hard to arouse"
2025-03-21 16:49:45,hi,Hi! How can I assist you today?
2025-03-21 16:50:00,hi,"Hi! How can I assist you today? If you have any medical questions, I'll do my best to answer them using the context provided."
